{
  "version": 2,
  "builds": [
    {
      "src": "backend/server.js",
      "use": "@vercel/node"
    },
    {
      "src": "frontend/package.json",
      "use": "@vercel/static-build",
      "config": {
        "distDir": "build"
      }
    }
  ],
  "routes": [
    {
      "src": "/api/(.*)",
      "dest": "backend/server.js"
    },
    {
      "src": "/(.*)",
      "dest": "frontend/$1"
    }
  ],
  "env": {
    "MONGO_URI": "mongodb+srv://breakoutscreener:password123@cluster0.mongodb.net/breakoutscreener",
    "JWT_SECRET": "breakoutscreener_jwt_secret_key",
    "STRIPE_SECRET_KEY": "sk_test_51NxYZaBCDEFGhIJKlMNOpQRStUvWxYz12345678",
    "PORT": "5000"
  }
}
